"team","conf","w","l","tm_pts","op_pts","ssn","playoff","conf_rank","pt_diff"
"Philadelphia 76ers","east","50","32",110.2,106.2,"1977","y",1,4
"Boston Celtics","east","44","38",104.5,106.5,"1977","y",4,-2
"New York Knicks","east","40","42",108.6,108.6,"1977","n",7,0
"Buffalo Braves","east","30","52",105,109.5,"1977","n",10,-4.5
"New York Nets","east","22","60",95.9,102.7,"1977","n",11,-6.8
"Houston Rockets","east","49","33",106.4,104.8,"1977","y",2,1.60000000000001
"Washington Bullets","east","48","34",105.5,104.5,"1977","y",3,1
"San Antonio Spurs","east","44","38",115,114.4,"1977","y",5,0.599999999999994
"Cleveland Cavaliers","east","43","39",102.1,101,"1977","y",6,1.09999999999999
"New Orleans Jazz","east","35","47",104.6,107.4,"1977","n",8,-2.80000000000001
"Atlanta Hawks","east","31","51",102.4,106.4,"1977","n",9,-4
"Philadelphia 76ers","east","55","27",114.7,109.6,"1978","y",1,5.10000000000001
"New York Knicks","east","43","39",113.4,114,"1978","y",5,-0.599999999999994
"Boston Celtics","east","32","50",105.7,107.7,"1978","n",8,-2
"Buffalo Braves","east","27","55",105.3,109,"1978","n",10,-3.7
"New Jersey Nets","east","24","58",106.7,112.5,"1978","n",11,-5.8
"San Antonio Spurs","east","52","30",114.5,111.1,"1978","y",2,3.40000000000001
"Washington Bullets","east","44","38",110.3,109.4,"1978","y",3,0.899999999999991
"Cleveland Cavaliers","east","43","39",104.4,103.9,"1978","y",4,0.5
"Atlanta Hawks","east","41","41",103.7,103.9,"1978","y",6,-0.200000000000003
"New Orleans Jazz","east","39","43",107.6,109.5,"1978","n",7,-1.90000000000001
"Houston Rockets","east","28","54",103.8,107.8,"1978","n",9,-4
"Washington Bullets","east","54","28",114.9,109.9,"1979","y",1,5
"Philadelphia 76ers","east","47","35",109.5,107.7,"1979","y",3,1.8
"New Jersey Nets","east","37","45",107.7,111.9,"1979","y",6,-4.2
"New York Knicks","east","31","51",107.7,111.1,"1979","n",7,-3.39999999999999
"Boston Celtics","east","29","53",108.2,113.3,"1979","n",10,-5.09999999999999
"San Antonio Spurs","east","48","34",119.3,114.1,"1979","y",2,5.2
"Houston Rockets","east","47","35",113.4,112.4,"1979","y",4,1
"Atlanta Hawks","east","46","36",109.1,107.1,"1979","y",5,2
"Detroit Pistons","east","30","52",110,112.7,"1979","n",8,-2.7
"Cleveland Cavaliers","east","30","52",106.5,110.2,"1979","n",9,-3.7
"New Orleans Jazz","east","26","56",108.3,114.6,"1979","n",11,-6.3
"Boston Celtics","east","61","21",113.5,105.7,"1980","y",1,7.8
"Philadelphia 76ers","east","59","23",109.1,104.9,"1980","y",3,4.19999999999999
"Washington Bullets","east","39","43",107,109.5,"1980","y",6,-2.5
"New York Knicks","east","39","43",114,115.1,"1980","n",7,-1.09999999999999
"New Jersey Nets","east","34","48",108.3,109.5,"1980","n",10,-1.2
"Atlanta Hawks","east","50","32",104.5,101.6,"1980","y",2,2.90000000000001
"Houston Rockets","east","41","41",110.8,110.6,"1980","y",4,0.200000000000003
"San Antonio Spurs","east","41","41",119.4,119.7,"1980","y",5,-0.299999999999997
"Indiana Pacers","east","37","45",111.2,111.9,"1980","n",8,-0.700000000000003
"Cleveland Cavaliers","east","37","45",114.1,113.8,"1980","n",9,0.299999999999997
"Detroit Pistons","east","16","66",108.9,117.2,"1980","n",11,-8.3
"Boston Celtics","east","62","20",109.9,104,"1981","y",1,5.90000000000001
"Philadelphia 76ers","east","62","20",111.7,103.8,"1981","y",3,7.90000000000001
"New York Knicks","east","50","32",107.9,106.3,"1981","y",4,1.60000000000001
"Washington Bullets","east","39","43",105.6,105.6,"1981","n",7,0
"New Jersey Nets","east","24","58",106.9,113,"1981","n",10,-6.09999999999999
"Milwaukee Bucks","east","60","22",113.1,105.9,"1981","y",2,7.19999999999999
"Chicago Bulls","east","45","37",109,107,"1981","y",5,2
"Indiana Pacers","east","44","38",107.6,106.2,"1981","y",6,1.39999999999999
"Atlanta Hawks","east","31","51",104.9,108,"1981","n",8,-3.09999999999999
"Cleveland Cavaliers","east","28","54",105.7,110.6,"1981","n",9,-4.89999999999999
"Detroit Pistons","east","21","61",99.7,106,"1981","n",11,-6.3
"Boston Celtics","east","63","19",112,105.6,"1982","y",1,6.40000000000001
"Philadelphia 76ers","east","58","24",111.2,105.5,"1982","y",3,5.7
"New Jersey Nets","east","44","38",106.7,106,"1982","y",4,0.700000000000003
"Washington Bullets","east","43","39",103.5,102.6,"1982","y",5,0.900000000000006
"New York Knicks","east","33","49",106.2,108.9,"1982","n",10,-2.7
"Milwaukee Bucks","east","55","27",108.4,102.9,"1982","y",2,5.5
"Atlanta Hawks","east","42","40",101,100.5,"1982","y",6,0.5
"Detroit Pistons","east","39","43",111.1,112,"1982","n",7,-0.900000000000006
"Indiana Pacers","east","35","47",102.2,104,"1982","n",8,-1.8
"Chicago Bulls","east","34","48",106.6,108.6,"1982","n",9,-2
"Cleveland Cavaliers","east","15","67",103.2,111.7,"1982","n",11,-8.5
"Philadelphia 76ers","east","65","17",112.1,104.4,"1983","y",1,7.69999999999999
"Boston Celtics","east","56","26",112.1,106.7,"1983","y",3,5.39999999999999
"New Jersey Nets","east","49","33",105.8,103,"1983","y",4,2.8
"New York Knicks","east","44","38",100,97.5,"1983","y",5,2.5
"Washington Bullets","east","42","40",99.2,99.3,"1983","n",7,-0.0999999999999943
"Milwaukee Bucks","east","51","31",106.6,102.2,"1983","y",2,4.39999999999999
"Atlanta Hawks","east","43","39",101.6,102.6,"1983","y",6,-1
"Detroit Pistons","east","37","45",112.7,113.1,"1983","n",8,-0.399999999999991
"Chicago Bulls","east","28","54",111,115.9,"1983","n",9,-4.90000000000001
"Cleveland Cavaliers","east","23","59",97.1,104.6,"1983","n",10,-7.5
"Indiana Pacers","east","20","62",108.7,114.5,"1983","n",11,-5.8
"Boston Celtics","east","62","20",112.1,105.6,"1984","y",1,6.5
"Philadelphia 76ers","east","52","30",107.8,105.6,"1984","y",3,2.2
"New York Knicks","east","47","35",106.9,103,"1984","y",5,3.90000000000001
"New Jersey Nets","east","45","37",110,108.9,"1984","y",6,1.09999999999999
"Washington Bullets","east","35","47",102.7,105.6,"1984","y",8,-2.89999999999999
"Milwaukee Bucks","east","50","32",105.7,101.5,"1984","y",2,4.2
"Detroit Pistons","east","49","33",117.1,113.5,"1984","y",4,3.59999999999999
"Atlanta Hawks","east","40","42",101.5,102.8,"1984","y",7,-1.3
"Cleveland Cavaliers","east","28","54",102.3,106.5,"1984","n",9,-4.2
"Chicago Bulls","east","27","55",103.7,108.9,"1984","n",10,-5.2
"Indiana Pacers","east","26","56",104.5,109.3,"1984","n",11,-4.8
"Boston Celtics","east","63","19",114.8,108.1,"1985","y",1,6.7
"Philadelphia 76ers","east","58","24",112.9,108.8,"1985","y",3,4.10000000000001
"New Jersey Nets","east","42","40",109.5,109.2,"1985","y",5,0.299999999999997
"Washington Bullets","east","40","42",105.5,105.8,"1985","y",6,-0.299999999999997
"New York Knicks","east","24","58",105.2,109.8,"1985","n",10,-4.59999999999999
"Milwaukee Bucks","east","59","23",110.9,104,"1985","y",2,6.90000000000001
"Detroit Pistons","east","46","36",116,113.5,"1985","y",4,2.5
"Chicago Bulls","east","38","44",108.7,109.6,"1985","y",7,-0.899999999999991
"Cleveland Cavaliers","east","36","46",108.6,111.3,"1985","y",8,-2.7
"Atlanta Hawks","east","34","48",106.6,108.1,"1985","n",9,-1.5
"Indiana Pacers","east","22","60",108.3,114.5,"1985","n",11,-6.2
"Boston Celtics","east","67","15",114.1,104.7,"1986","y",1,9.39999999999999
"Philadelphia 76ers","east","54","28",110.4,108,"1986","y",3,2.40000000000001
"Washington Bullets","east","39","43",103,104.8,"1986","y",6,-1.8
"New Jersey Nets","east","39","43",109.1,111.1,"1986","y",7,-2
"New York Knicks","east","23","59",98.7,104.3,"1986","n",11,-5.59999999999999
"Milwaukee Bucks","east","57","25",114.5,105.5,"1986","y",2,9
"Atlanta Hawks","east","50","32",108.6,106.2,"1986","y",4,2.39999999999999
"Detroit Pistons","east","46","36",114.2,113,"1986","y",5,1.2
"Chicago Bulls","east","30","52",109.3,113.1,"1986","y",8,-3.8
"Cleveland Cavaliers","east","29","53",107.8,110.6,"1986","n",9,-2.8
"Indiana Pacers","east","26","56",103.9,107.2,"1986","n",10,-3.3
"Boston Celtics","east","59","23",112.6,106,"1987","y",1,6.59999999999999
"Philadelphia 76ers","east","45","37",106.5,106.6,"1987","y",5,-0.0999999999999943
"Washington Bullets","east","42","40",106,107.3,"1987","y",6,-1.3
"New Jersey Nets","east","24","58",108.5,113.5,"1987","n",10,-5
"New York Knicks","east","24","58",103.8,110,"1987","n",11,-6.2
"Atlanta Hawks","east","57","25",110,102.8,"1987","y",2,7.2
"Detroit Pistons","east","52","30",111.2,107.8,"1987","y",3,3.40000000000001
"Milwaukee Bucks","east","50","32",110.4,106.5,"1987","y",4,3.90000000000001
"Indiana Pacers","east","41","41",106.1,106.7,"1987","y",7,-0.600000000000009
"Chicago Bulls","east","40","42",104.8,103.9,"1987","y",8,0.899999999999991
"Cleveland Cavaliers","east","31","51",104.4,108.2,"1987","n",9,-3.8
"Boston Celtics","east","57","25",113.6,107.7,"1988","y",1,5.89999999999999
"Washington Bullets","east","38","44",105.5,106.3,"1988","y",7,-0.799999999999997
"New York Knicks","east","38","44",105.5,106,"1988","y",8,-0.5
"Philadelphia 76ers","east","36","46",105.7,107.1,"1988","n",10,-1.39999999999999
"New Jersey Nets","east","19","63",100.4,108.5,"1988","n",11,-8.09999999999999
"Detroit Pistons","east","54","28",109.2,104.1,"1988","y",2,5.10000000000001
"Chicago Bulls","east","50","32",105,101.6,"1988","y",3,3.40000000000001
"Atlanta Hawks","east","50","32",107.9,104.3,"1988","y",4,3.60000000000001
"Milwaukee Bucks","east","42","40",106.1,105.5,"1988","y",5,0.599999999999994
"Cleveland Cavaliers","east","42","40",104.5,103.7,"1988","y",6,0.799999999999997
"Indiana Pacers","east","38","44",104.6,105.4,"1988","n",9,-0.800000000000011
"New York Knicks","east","52","30",116.7,112.9,"1989","y",2,3.8
"Philadelphia 76ers","east","46","36",111.9,110.4,"1989","y",7,1.5
"Boston Celtics","east","42","40",109.2,108.1,"1989","y",8,1.10000000000001
"Washington Bullets","east","40","42",108.3,110.4,"1989","n",9,-2.10000000000001
"New Jersey Nets","east","26","56",103.7,110.1,"1989","n",11,-6.39999999999999
"Charlotte Hornets","east","20","62",104.5,113,"1989","n",12,-8.5
"Detroit Pistons","east","63","19",106.6,100.8,"1989","y",1,5.8
"Cleveland Cavaliers","east","57","25",108.8,101.2,"1989","y",3,7.59999999999999
"Atlanta Hawks","east","52","30",111,106.1,"1989","y",4,4.90000000000001
"Milwaukee Bucks","east","49","33",108.9,105.3,"1989","y",5,3.60000000000001
"Chicago Bulls","east","47","35",106.4,105,"1989","y",6,1.40000000000001
"Indiana Pacers","east","28","54",106.9,111.1,"1989","n",10,-4.19999999999999
"Philadelphia 76ers","east","53","29",110.2,105.2,"1990","y",2,5
"Boston Celtics","east","52","30",110,106,"1990","y",4,4
"New York Knicks","east","45","37",108.3,106.9,"1990","y",5,1.39999999999999
"Washington Bullets","east","31","51",107.7,109.9,"1990","n",10,-2.2
"Miami Heat","east","18","64",100.6,110.3,"1990","n",11,-9.7
"New Jersey Nets","east","17","65",100.1,108,"1990","n",13,-7.90000000000001
"Detroit Pistons","east","59","23",104.3,98.3,"1990","y",1,6
"Chicago Bulls","east","55","27",109.5,106.2,"1990","y",3,3.3
"Milwaukee Bucks","east","44","38",106,106.8,"1990","y",6,-0.799999999999997
"Cleveland Cavaliers","east","42","40",102.6,102.9,"1990","y",7,-0.300000000000011
"Indiana Pacers","east","42","40",109.3,109.1,"1990","y",8,0.200000000000003
"Atlanta Hawks","east","41","41",108.5,107.5,"1990","n",9,1
"Orlando Magic","east","18","64",110.9,119.8,"1990","n",12,-8.89999999999999
"Boston Celtics","east","56","26",111.5,105.7,"1991","y",2,5.8
"Philadelphia 76ers","east","44","38",105.4,105.6,"1991","y",5,-0.199999999999989
"New York Knicks","east","39","43",103.1,103.3,"1991","y",8,-0.200000000000003
"Washington Bullets","east","30","52",101.4,106.4,"1991","n",10,-5
"New Jersey Nets","east","26","56",102.9,107.5,"1991","n",11,-4.59999999999999
"Miami Heat","east","24","58",101.8,107.8,"1991","n",13,-6
"Chicago Bulls","east","61","21",110,101,"1991","y",1,9
"Detroit Pistons","east","50","32",100.1,96.8,"1991","y",3,3.3
"Milwaukee Bucks","east","48","34",106.4,104,"1991","y",4,2.40000000000001
"Atlanta Hawks","east","43","39",109.8,109,"1991","y",6,0.799999999999997
"Indiana Pacers","east","41","41",111.7,112.1,"1991","y",7,-0.399999999999991
"Cleveland Cavaliers","east","33","49",101.7,104.2,"1991","n",9,-2.5
"Charlotte Hornets","east","26","56",102.8,108,"1991","n",12,-5.2
"Boston Celtics","east","51","31",106.6,103,"1992","y",2,3.59999999999999
"New York Knicks","east","51","31",101.6,97.7,"1992","y",4,3.89999999999999
"New Jersey Nets","east","40","42",105.4,107.1,"1992","y",6,-1.69999999999999
"Miami Heat","east","38","44",105,109.2,"1992","y",8,-4.2
"Philadelphia 76ers","east","35","47",101.9,103.2,"1992","n",10,-1.3
"Washington Bullets","east","25","57",102.4,106.8,"1992","n",13,-4.39999999999999
"Orlando Magic","east","21","61",101.6,108.5,"1992","n",14,-6.90000000000001
"Chicago Bulls","east","67","15",109.9,99.5,"1992","y",1,10.4
"Cleveland Cavaliers","east","57","25",108.9,103.4,"1992","y",3,5.5
"Detroit Pistons","east","48","34",98.9,96.9,"1992","y",5,2
"Indiana Pacers","east","40","42",112.2,110.3,"1992","y",7,1.90000000000001
"Atlanta Hawks","east","38","44",106.2,107.7,"1992","n",9,-1.5
"Milwaukee Bucks","east","31","51",105,106.7,"1992","n",11,-1.7
"Charlotte Hornets","east","31","51",109.5,113.4,"1992","n",12,-3.90000000000001
"New York Knicks","east","60","22",101.6,95.4,"1993","y",1,6.19999999999999
"Boston Celtics","east","48","34",103.7,102.8,"1993","y",4,0.900000000000006
"New Jersey Nets","east","43","39",102.8,101.6,"1993","y",6,1.2
"Orlando Magic","east","41","41",105.5,104.2,"1993","n",9,1.3
"Miami Heat","east","36","46",103.6,104.7,"1993","n",11,-1.10000000000001
"Philadelphia 76ers","east","26","56",104.3,110.1,"1993","n",13,-5.8
"Washington Bullets","east","22","60",101.9,108.9,"1993","n",14,-7
"Chicago Bulls","east","57","25",105.2,98.9,"1993","y",2,6.3
"Cleveland Cavaliers","east","54","28",107.7,101.3,"1993","y",3,6.40000000000001
"Charlotte Hornets","east","44","38",110.1,110.4,"1993","y",5,-0.300000000000011
"Atlanta Hawks","east","43","39",107.5,108.4,"1993","y",7,-0.900000000000006
"Indiana Pacers","east","41","41",107.8,106.1,"1993","y",8,1.7
"Detroit Pistons","east","40","42",100.6,102,"1993","n",10,-1.40000000000001
"Milwaukee Bucks","east","28","54",102.3,106.1,"1993","n",12,-3.8
"New York Knicks","east","57","25",98.5,91.5,"1994","y",2,7
"Orlando Magic","east","50","32",105.7,101.8,"1994","y",4,3.90000000000001
"New Jersey Nets","east","45","37",103.2,101,"1994","y",7,2.2
"Miami Heat","east","42","40",103.4,100.7,"1994","y",8,2.7
"Boston Celtics","east","32","50",100.8,105.1,"1994","n",10,-4.3
"Philadelphia 76ers","east","25","57",98,105.6,"1994","n",11,-7.59999999999999
"Washington Bullets","east","24","58",100.4,107.7,"1994","n",12,-7.3
"Atlanta Hawks","east","57","25",101.4,96.2,"1994","y",1,5.2
"Chicago Bulls","east","55","27",98,94.9,"1994","y",3,3.09999999999999
"Indiana Pacers","east","47","35",101,97.5,"1994","y",5,3.5
"Cleveland Cavaliers","east","47","35",101.2,97.1,"1994","y",6,4.10000000000001
"Charlotte Hornets","east","41","41",106.5,106.7,"1994","n",9,-0.200000000000003
"Milwaukee Bucks","east","20","62",96.9,103.4,"1994","n",13,-6.5
"Detroit Pistons","east","20","62",96.9,104.7,"1994","n",14,-7.8
"Orlando Magic","east","57","25",110.9,103.8,"1995","y",1,7.10000000000001
"New York Knicks","east","55","27",98.2,95.1,"1995","y",3,3.10000000000001
"Boston Celtics","east","35","47",102.8,104.7,"1995","y",8,-1.90000000000001
"Miami Heat","east","32","50",101.1,102.8,"1995","n",10,-1.7
"New Jersey Nets","east","30","52",98.1,101.2,"1995","n",11,-3.10000000000001
"Philadelphia 76ers","east","24","58",95.4,100.4,"1995","n",13,-5
"Washington Bullets","east","21","61",100.5,106.1,"1995","n",14,-5.59999999999999
"Indiana Pacers","east","52","30",99.2,95.5,"1995","y",2,3.7
"Charlotte Hornets","east","50","32",100.6,97.3,"1995","y",4,3.3
"Chicago Bulls","east","47","35",101.5,96.7,"1995","y",5,4.8
"Cleveland Cavaliers","east","43","39",90.5,89.8,"1995","y",6,0.700000000000003
"Atlanta Hawks","east","42","40",96.6,95.3,"1995","y",7,1.3
"Milwaukee Bucks","east","34","48",99.3,103.7,"1995","n",9,-4.40000000000001
"Detroit Pistons","east","28","54",98.2,105.5,"1995","n",12,-7.3
"Orlando Magic","east","60","22",104.5,99,"1996","y",2,5.5
"New York Knicks","east","47","35",97.2,94.9,"1996","y",5,2.3
"Miami Heat","east","42","40",96.5,95,"1996","y",8,1.5
"Washington Bullets","east","39","43",102.5,101.5,"1996","n",10,1
"Boston Celtics","east","33","49",103.6,107,"1996","n",11,-3.40000000000001
"New Jersey Nets","east","30","52",93.7,97.9,"1996","n",12,-4.2
"Philadelphia 76ers","east","18","64",94.5,104.5,"1996","n",15,-10
"Chicago Bulls","east","72","10",105.2,92.9,"1996","y",1,12.3
"Indiana Pacers","east","52","30",99.3,96.1,"1996","y",3,3.2
"Cleveland Cavaliers","east","47","35",91.1,88.5,"1996","y",4,2.59999999999999
"Atlanta Hawks","east","46","36",98.3,97.1,"1996","y",6,1.2
"Detroit Pistons","east","46","36",95.4,92.9,"1996","y",7,2.5
"Charlotte Hornets","east","41","41",102.8,103.4,"1996","n",9,-0.600000000000009
"Milwaukee Bucks","east","25","57",95.6,100.9,"1996","n",13,-5.30000000000001
"Toronto Raptors","east","21","61",97.5,105,"1996","n",14,-7.5
"Miami Heat","east","61","21",94.8,89.3,"1997","y",2,5.5
"New York Knicks","east","57","25",95.4,92.2,"1997","y",3,3.2
"Orlando Magic","east","45","37",94.1,94.5,"1997","y",7,-0.400000000000006
"Washington Bullets","east","44","38",99.4,97.7,"1997","y",8,1.7
"New Jersey Nets","east","26","56",97.2,101.8,"1997","n",13,-4.59999999999999
"Philadelphia 76ers","east","22","60",100.2,106.7,"1997","n",14,-6.5
"Boston Celtics","east","15","67",100.6,107.9,"1997","n",15,-7.30000000000001
"Chicago Bulls","east","69","13",103.1,92.3,"1997","y",1,10.8
"Atlanta Hawks","east","56","26",94.8,89.4,"1997","y",4,5.39999999999999
"Detroit Pistons","east","54","28",94.2,88.9,"1997","y",5,5.3
"Charlotte Hornets","east","54","28",98.9,97,"1997","y",6,1.90000000000001
"Cleveland Cavaliers","east","42","40",87.5,85.6,"1997","n",9,1.90000000000001
"Indiana Pacers","east","39","43",95.4,94.4,"1997","n",10,1
"Milwaukee Bucks","east","33","49",95.3,97.2,"1997","n",11,-1.90000000000001
"Toronto Raptors","east","30","52",95.5,98.6,"1997","n",12,-3.09999999999999
"Miami Heat","east","55","27",95,90,"1998","y",2,5
"New York Knicks","east","43","39",91.6,89.1,"1998","y",7,2.5
"New Jersey Nets","east","43","39",99.6,98.1,"1998","y",8,1.5
"Washington Wizards","east","42","40",97.2,96.6,"1998","n",9,0.600000000000009
"Orlando Magic","east","41","41",90.1,91.2,"1998","n",10,-1.10000000000001
"Boston Celtics","east","36","46",95.9,98.5,"1998","n",12,-2.59999999999999
"Philadelphia 76ers","east","31","51",93.3,95.7,"1998","n",14,-2.40000000000001
"Chicago Bulls","east","62","20",96.7,89.6,"1998","y",1,7.10000000000001
"Indiana Pacers","east","58","24",96,89.9,"1998","y",3,6.09999999999999
"Charlotte Hornets","east","51","31",96.6,94.6,"1998","y",4,2
"Atlanta Hawks","east","50","32",95.9,92.3,"1998","y",5,3.60000000000001
"Cleveland Cavaliers","east","47","35",92.5,89.8,"1998","y",6,2.7
"Detroit Pistons","east","37","45",94.2,92.6,"1998","n",11,1.60000000000001
"Milwaukee Bucks","east","36","46",94.5,96.4,"1998","n",13,-1.90000000000001
"Toronto Raptors","east","16","66",94.9,104.2,"1998","n",15,-9.3
"Miami Heat","east","33","17",89,84,"1999","y",1,5
"Orlando Magic","east","33","17",89.5,86.9,"1999","y",3,2.59999999999999
"Philadelphia 76ers","east","28","22",89.7,87.6,"1999","y",6,2.10000000000001
"New York Knicks","east","27","23",86.4,85.4,"1999","y",8,1
"Boston Celtics","east","19","31",93,94.9,"1999","n",12,-1.90000000000001
"Washington Wizards","east","18","32",91.2,93.4,"1999","n",13,-2.2
"New Jersey Nets","east","16","34",91.4,95.2,"1999","n",14,-3.8
"Indiana Pacers","east","33","17",94.7,90.9,"1999","y",2,3.8
"Atlanta Hawks","east","31","19",86.3,83.4,"1999","y",4,2.89999999999999
"Detroit Pistons","east","29","21",90.4,86.9,"1999","y",5,3.5
"Milwaukee Bucks","east","28","22",91.7,90,"1999","y",7,1.7
"Charlotte Hornets","east","26","24",92.9,93,"1999","n",9,-0.0999999999999943
"Toronto Raptors","east","23","27",91.1,92.8,"1999","n",10,-1.7
"Cleveland Cavaliers","east","22","28",86.4,88.2,"1999","n",11,-1.8
"Chicago Bulls","east","13","37",81.9,91.4,"1999","n",15,-9.5
"Miami Heat","east","52","30",94.4,91.3,"2000","y",2,3.10000000000001
"New York Knicks","east","50","32",92.1,90.7,"2000","y",3,1.39999999999999
"Philadelphia 76ers","east","49","33",94.8,93.4,"2000","y",5,1.39999999999999
"Orlando Magic","east","41","41",100.1,99.4,"2000","n",9,0.699999999999989
"Boston Celtics","east","35","47",99.3,100.1,"2000","n",10,-0.799999999999997
"New Jersey Nets","east","31","51",98,99,"2000","n",12,-1
"Washington Wizards","east","29","53",96.6,99.9,"2000","n",13,-3.30000000000001
"Indiana Pacers","east","56","26",101.3,96.7,"2000","y",1,4.59999999999999
"Charlotte Hornets","east","49","33",98.4,95.8,"2000","y",4,2.60000000000001
"Toronto Raptors","east","45","37",97.2,97.3,"2000","y",6,-0.0999999999999943
"Detroit Pistons","east","42","40",103.5,102,"2000","y",7,1.5
"Milwaukee Bucks","east","42","40",101.2,101,"2000","y",8,0.200000000000003
"Cleveland Cavaliers","east","32","50",97,100.5,"2000","n",11,-3.5
"Atlanta Hawks","east","28","54",94.3,99.7,"2000","n",14,-5.40000000000001
"Chicago Bulls","east","17","65",84.8,94.2,"2000","n",15,-9.40000000000001
"Philadelphia 76ers","east","56","26",94.7,90.4,"2001","y",1,4.3
"Miami Heat","east","50","32",88.9,86.6,"2001","y",3,2.30000000000001
"New York Knicks","east","48","34",88.7,86.1,"2001","y",4,2.60000000000001
"Orlando Magic","east","43","39",97.5,96.5,"2001","y",7,1
"Boston Celtics","east","36","46",94.6,96.8,"2001","n",9,-2.2
"New Jersey Nets","east","26","56",92.1,97.1,"2001","n",12,-5
"Washington Wizards","east","19","63",93.2,99.9,"2001","n",14,-6.7
"Milwaukee Bucks","east","52","30",100.7,96.9,"2001","y",2,3.8
"Toronto Raptors","east","47","35",97.6,95.4,"2001","y",5,2.19999999999999
"Charlotte Hornets","east","46","36",91.9,89.8,"2001","y",6,2.10000000000001
"Indiana Pacers","east","41","41",92.6,92.8,"2001","y",8,-0.200000000000003
"Detroit Pistons","east","32","50",95.6,97.3,"2001","n",10,-1.7
"Cleveland Cavaliers","east","30","52",92.2,96.5,"2001","n",11,-4.3
"Atlanta Hawks","east","25","57",91,96.2,"2001","n",13,-5.2
"Chicago Bulls","east","15","67",87.6,96.7,"2001","n",15,-9.10000000000001
"New Jersey Nets","east","52","30",96.2,92,"2002","y",1,4.2
"Boston Celtics","east","49","33",96.4,94.1,"2002","y",3,2.30000000000001
"Orlando Magic","east","44","38",100.5,98.9,"2002","y",5,1.59999999999999
"Philadelphia 76ers","east","43","39",91,89.4,"2002","y",6,1.59999999999999
"Washington Wizards","east","37","45",92.8,94.2,"2002","n",10,-1.40000000000001
"Miami Heat","east","36","46",87.2,88.7,"2002","n",11,-1.5
"New York Knicks","east","30","52",91.6,95.6,"2002","n",13,-4
"Detroit Pistons","east","50","32",94.3,92.2,"2002","y",2,2.09999999999999
"Charlotte Hornets","east","44","38",93.9,92.9,"2002","y",4,1
"Toronto Raptors","east","42","40",91.4,91.8,"2002","y",7,-0.399999999999991
"Indiana Pacers","east","42","40",96.8,96.5,"2002","y",8,0.299999999999997
"Milwaukee Bucks","east","41","41",97.5,97.7,"2002","n",9,-0.200000000000003
"Atlanta Hawks","east","33","49",94,98.3,"2002","n",12,-4.3
"Cleveland Cavaliers","east","29","53",95.3,98.6,"2002","n",14,-3.3
"Chicago Bulls","east","21","61",89.5,98,"2002","n",15,-8.5
"New Jersey Nets","east","49","33",95.4,90.1,"2003","y",2,5.30000000000001
"Philadelphia 76ers","east","48","34",96.8,94.5,"2003","y",4,2.3
"Boston Celtics","east","44","38",92.7,93.1,"2003","y",6,-0.399999999999991
"Orlando Magic","east","42","40",98.5,98.4,"2003","y",8,0.0999999999999943
"Washington Wizards","east","37","45",91.5,92.5,"2003","n",9,-1
"New York Knicks","east","37","45",95.9,97.2,"2003","n",10,-1.3
"Miami Heat","east","25","57",85.6,90.6,"2003","n",13,-5
"Detroit Pistons","east","50","32",91.4,87.7,"2003","y",1,3.7
"Indiana Pacers","east","48","34",96.8,93.3,"2003","y",3,3.5
"New Orleans Hornets","east","47","35",93.9,91.8,"2003","y",5,2.10000000000001
"Milwaukee Bucks","east","42","40",99.5,99.3,"2003","y",7,0.200000000000003
"Atlanta Hawks","east","35","47",94.1,97.6,"2003","n",11,-3.5
"Chicago Bulls","east","30","52",95,100.1,"2003","n",12,-5.09999999999999
"Toronto Raptors","east","24","58",90.9,96.8,"2003","n",14,-5.89999999999999
"Cleveland Cavaliers","east","17","65",91.4,101,"2003","n",15,-9.59999999999999
"New Jersey Nets","east","47","35",90.3,87.8,"2004","y",2,2.5
"Miami Heat","east","42","40",90.3,89.7,"2004","y",4,0.599999999999994
"New York Knicks","east","39","43",92,93.5,"2004","y",7,-1.5
"Boston Celtics","east","36","46",95.3,96.7,"2004","y",8,-1.40000000000001
"Philadelphia 76ers","east","33","49",88,90.5,"2004","n",11,-2.5
"Washington Wizards","east","25","57",91.8,97.4,"2004","n",13,-5.60000000000001
"Orlando Magic","east","21","61",94,101.1,"2004","n",15,-7.09999999999999
"Indiana Pacers","east","61","21",91.4,85.6,"2004","y",1,5.80000000000001
"Detroit Pistons","east","54","28",90.1,84.3,"2004","y",3,5.8
"New Orleans Hornets","east","41","41",91.8,91.9,"2004","y",5,-0.100000000000009
"Milwaukee Bucks","east","41","41",98,97,"2004","y",6,1
"Cleveland Cavaliers","east","35","47",92.9,95.5,"2004","n",9,-2.59999999999999
"Toronto Raptors","east","33","49",85.4,88.5,"2004","n",10,-3.09999999999999
"Atlanta Hawks","east","28","54",92.8,97.5,"2004","n",12,-4.7
"Chicago Bulls","east","23","59",89.7,96,"2004","n",14,-6.3
"Boston Celtics","east","45","37",101.3,100.4,"2005","y",3,0.899999999999991
"Philadelphia 76ers","east","43","39",99.1,99.9,"2005","y",7,-0.800000000000011
"New Jersey Nets","east","42","40",91.4,92.9,"2005","y",8,-1.5
"Toronto Raptors","east","33","49",99.7,101.4,"2005","n",11,-1.7
"New York Knicks","east","33","49",97.3,99.7,"2005","n",12,-2.40000000000001
"Detroit Pistons","east","54","28",93.3,89.5,"2005","y",2,3.8
"Chicago Bulls","east","47","35",94.5,93.4,"2005","y",4,1.09999999999999
"Indiana Pacers","east","44","38",93,92.2,"2005","y",6,0.799999999999997
"Cleveland Cavaliers","east","42","40",96.5,95.7,"2005","n",9,0.799999999999997
"Milwaukee Bucks","east","30","52",97.2,100.2,"2005","n",13,-3
"Miami Heat","east","59","23",101.5,95,"2005","y",1,6.5
"Washington Wizards","east","45","37",100.5,100.8,"2005","y",5,-0.299999999999997
"Orlando Magic","east","36","46",99.5,101.8,"2005","n",10,-2.3
"Charlotte Bobcats","east","18","64",94.3,100.2,"2005","n",14,-5.90000000000001
"Atlanta Hawks","east","13","69",92.7,102.5,"2005","n",15,-9.8
"New Jersey Nets","east","49","33",93.8,92.4,"2006","y",3,1.39999999999999
"Philadelphia 76ers","east","38","44",99.4,101.3,"2006","n",9,-1.89999999999999
"Boston Celtics","east","33","49",98,99.5,"2006","n",11,-1.5
"Toronto Raptors","east","27","55",101.1,104,"2006","n",12,-2.90000000000001
"New York Knicks","east","23","59",95.6,102,"2006","n",15,-6.40000000000001
"Detroit Pistons","east","64","18",96.8,90.2,"2006","y",1,6.59999999999999
"Cleveland Cavaliers","east","50","32",97.6,95.4,"2006","y",4,2.19999999999999
"Indiana Pacers","east","41","41",93.9,92,"2006","y",6,1.90000000000001
"Chicago Bulls","east","41","41",97.8,97.2,"2006","y",7,0.599999999999994
"Milwaukee Bucks","east","40","42",97.8,98.8,"2006","y",8,-1
"Miami Heat","east","52","30",99.9,96,"2006","y",2,3.90000000000001
"Washington Wizards","east","42","40",101.7,99.8,"2006","y",5,1.90000000000001
"Orlando Magic","east","36","46",94.9,96,"2006","n",10,-1.09999999999999
"Charlotte Bobcats","east","26","56",96.9,100.9,"2006","n",13,-4
"Atlanta Hawks","east","26","56",97.2,102,"2006","n",14,-4.8
"Toronto Raptors","east","47","35",99.5,98.5,"2007","y",3,1
"New Jersey Nets","east","41","41",97.6,98.3,"2007","y",6,-0.700000000000003
"Philadelphia 76ers","east","35","47",94.9,98,"2007","n",10,-3.09999999999999
"New York Knicks","east","33","49",97.5,100.3,"2007","n",12,-2.8
"Boston Celtics","east","24","58",95.8,99.2,"2007","n",15,-3.40000000000001
"Detroit Pistons","east","53","29",96,91.8,"2007","y",1,4.2
"Cleveland Cavaliers","east","50","32",96.8,92.9,"2007","y",2,3.89999999999999
"Chicago Bulls","east","49","33",98.8,93.8,"2007","y",5,5
"Indiana Pacers","east","35","47",95.6,98,"2007","n",9,-2.40000000000001
"Milwaukee Bucks","east","28","54",99.7,104,"2007","n",14,-4.3
"Miami Heat","east","44","38",94.6,95.5,"2007","y",4,-0.900000000000006
"Washington Wizards","east","41","41",104.3,104.9,"2007","y",7,-0.600000000000009
"Orlando Magic","east","40","42",94.8,94,"2007","y",8,0.799999999999997
"Charlotte Bobcats","east","33","49",96.9,100.6,"2007","n",11,-3.69999999999999
"Atlanta Hawks","east","30","52",93.7,98.4,"2007","n",13,-4.7
"Boston Celtics","east","66","16",100.5,90.3,"2008","y",1,10.2
"Toronto Raptors","east","41","41",100.2,97.3,"2008","y",6,2.90000000000001
"Philadelphia 76ers","east","40","42",96.6,96.2,"2008","y",7,0.399999999999991
"New Jersey Nets","east","34","48",95.8,100.9,"2008","n",10,-5.10000000000001
"New York Knicks","east","23","59",96.9,103.5,"2008","n",14,-6.59999999999999
"Detroit Pistons","east","59","23",97.5,90.1,"2008","y",2,7.40000000000001
"Cleveland Cavaliers","east","45","37",96.4,96.7,"2008","y",4,-0.299999999999997
"Indiana Pacers","east","36","46",104,105.4,"2008","n",9,-1.40000000000001
"Chicago Bulls","east","33","49",97.3,100.4,"2008","n",11,-3.10000000000001
"Milwaukee Bucks","east","26","56",97,103.9,"2008","n",13,-6.90000000000001
"Orlando Magic","east","52","30",104.5,99,"2008","y",3,5.5
"Washington Wizards","east","43","39",98.8,99.2,"2008","y",5,-0.400000000000006
"Atlanta Hawks","east","37","45",98.2,100,"2008","y",8,-1.8
"Charlotte Bobcats","east","32","50",97.1,101.4,"2008","n",12,-4.30000000000001
"Miami Heat","east","15","67",91.4,100,"2008","n",15,-8.59999999999999
"Boston Celtics","east","62","20",100.9,93.4,"2009","y",2,7.5
"Philadelphia 76ers","east","41","41",97.4,97.3,"2009","y",6,0.100000000000009
"New Jersey Nets","east","34","48",98.1,100.5,"2009","n",11,-2.40000000000001
"Toronto Raptors","east","33","49",99,101.9,"2009","n",13,-2.90000000000001
"New York Knicks","east","32","50",105.2,107.8,"2009","n",14,-2.59999999999999
"Cleveland Cavaliers","east","66","16",100.3,91.4,"2009","y",1,8.89999999999999
"Chicago Bulls","east","41","41",102.2,102.5,"2009","y",7,-0.299999999999997
"Detroit Pistons","east","39","43",94.2,94.7,"2009","y",8,-0.5
"Indiana Pacers","east","36","46",105.1,106.2,"2009","n",9,-1.10000000000001
"Milwaukee Bucks","east","34","48",99.3,100.4,"2009","n",12,-1.10000000000001
"Orlando Magic","east","59","23",101,94.4,"2009","y",3,6.59999999999999
"Atlanta Hawks","east","47","35",98.1,96.5,"2009","y",4,1.59999999999999
"Miami Heat","east","43","39",98.3,98,"2009","y",5,0.299999999999997
"Charlotte Bobcats","east","35","47",93.6,94.9,"2009","n",10,-1.30000000000001
"Washington Wizards","east","19","63",96.1,103.5,"2009","n",15,-7.40000000000001
"Boston Celtics","east","50","32",99.2,95.6,"2010","y",4,3.60000000000001
"Toronto Raptors","east","40","42",104.1,105.9,"2010","n",9,-1.80000000000001
"New York Knicks","east","29","53",102.1,105.9,"2010","n",11,-3.80000000000001
"Philadelphia 76ers","east","27","55",97.7,101.6,"2010","n",13,-3.89999999999999
"New Jersey Nets","east","12","70",92.4,101.5,"2010","n",15,-9.09999999999999
"Cleveland Cavaliers","east","61","21",102.1,95.6,"2010","y",1,6.5
"Milwaukee Bucks","east","46","36",97.7,96,"2010","y",6,1.7
"Chicago Bulls","east","41","41",97.5,99.1,"2010","y",8,-1.59999999999999
"Indiana Pacers","east","32","50",100.8,103.8,"2010","n",10,-3
"Detroit Pistons","east","27","55",94,99.1,"2010","n",12,-5.09999999999999
"Orlando Magic","east","59","23",102.8,95.3,"2010","y",2,7.5
"Atlanta Hawks","east","53","29",101.7,97,"2010","y",3,4.7
"Miami Heat","east","47","35",96.5,94.2,"2010","y",5,2.3
"Charlotte Bobcats","east","44","38",95.3,93.8,"2010","y",7,1.5
"Washington Wizards","east","26","56",96.2,101,"2010","n",14,-4.8
"Boston Celtics","east","56","26",96.5,91.1,"2011","y",3,5.40000000000001
"New York Knicks","east","42","40",106.5,105.7,"2011","y",6,0.799999999999997
"Philadelphia 76ers","east","41","41",99,97.5,"2011","y",7,1.5
"New Jersey Nets","east","24","58",94.2,100.4,"2011","n",12,-6.2
"Toronto Raptors","east","22","60",99.1,105.4,"2011","n",14,-6.30000000000001
"Chicago Bulls","east","62","20",98.6,91.3,"2011","y",1,7.3
"Indiana Pacers","east","37","45",99.8,100.9,"2011","y",8,-1.10000000000001
"Milwaukee Bucks","east","35","47",91.9,92.7,"2011","n",9,-0.799999999999997
"Detroit Pistons","east","30","52",97,100.6,"2011","n",11,-3.59999999999999
"Cleveland Cavaliers","east","19","63",95.5,104.5,"2011","n",15,-9
"Miami Heat","east","58","24",102.1,94.6,"2011","y",2,7.5
"Orlando Magic","east","52","30",99.2,93.7,"2011","y",4,5.5
"Atlanta Hawks","east","44","38",95,95.8,"2011","y",5,-0.799999999999997
"Charlotte Bobcats","east","34","48",93.3,97.3,"2011","n",10,-4
"Washington Wizards","east","23","59",97.3,104.7,"2011","n",13,-7.40000000000001
"Boston Celtics","east","39","27",91.8,89.3,"2012","y",4,2.5
"New York Knicks","east","36","30",97.8,94.7,"2012","y",7,3.09999999999999
"Philadelphia 76ers","east","35","31",93.6,89.4,"2012","y",8,4.19999999999999
"Toronto Raptors","east","23","43",90.7,94,"2012","n",11,-3.3
"New Jersey Nets","east","22","44",93.1,99.1,"2012","n",12,-6
"Chicago Bulls","east","50","16",96.3,88.2,"2012","y",1,8.09999999999999
"Indiana Pacers","east","42","24",97.7,94.4,"2012","y",3,3.3
"Milwaukee Bucks","east","31","35",99,98.7,"2012","n",9,0.299999999999997
"Detroit Pistons","east","25","41",90.9,95.7,"2012","n",10,-4.8
"Cleveland Cavaliers","east","21","45",93,100.2,"2012","n",13,-7.2
"Miami Heat","east","46","20",98.5,92.5,"2012","y",2,6
"Atlanta Hawks","east","40","26",96.6,93.2,"2012","y",5,3.39999999999999
"Orlando Magic","east","37","29",94.2,93.4,"2012","y",6,0.799999999999997
"Washington Wizards","east","20","46",93.6,98.4,"2012","n",14,-4.80000000000001
"Charlotte Bobcats","east","7","59",87,100.9,"2012","n",15,-13.9
"New York Knicks","east","54","28",100,95.7,"2013","y",2,4.3
"Brooklyn Nets","east","49","33",96.9,95.1,"2013","y",4,1.80000000000001
"Boston Celtics","east","41","40",96.5,96.7,"2013","y",7,-0.200000000000003
"Philadelphia 76ers","east","34","48",93.2,96.5,"2013","n",9,-3.3
"Toronto Raptors","east","34","48",97.2,98.7,"2013","n",10,-1.5
"Indiana Pacers","east","49","32",94.7,90.7,"2013","y",3,4
"Chicago Bulls","east","45","37",93.2,92.9,"2013","y",5,0.299999999999997
"Milwaukee Bucks","east","38","44",98.9,100.4,"2013","y",8,-1.5
"Detroit Pistons","east","29","53",94.9,98.8,"2013","n",11,-3.89999999999999
"Cleveland Cavaliers","east","24","58",96.5,101.2,"2013","n",13,-4.7
"Miami Heat","east","66","16",102.9,95,"2013","y",1,7.90000000000001
"Atlanta Hawks","east","44","38",98,97.5,"2013","y",6,0.5
"Washington Wizards","east","29","53",93.2,95.8,"2013","n",12,-2.59999999999999
"Charlotte Bobcats","east","21","61",93.4,102.7,"2013","n",14,-9.3
"Orlando Magic","east","20","62",94.1,101.1,"2013","n",15,-7
"Toronto Raptors","east","48","34",101.3,98,"2014","y",3,3.3
"Brooklyn Nets","east","44","38",98.5,99.5,"2014","y",5,-1
"New York Knicks","east","37","45",98.6,99.4,"2014","n",9,-0.800000000000011
"Boston Celtics","east","25","57",96.2,100.7,"2014","n",12,-4.5
"Philadelphia 76ers","east","19","63",99.5,109.9,"2014","n",14,-10.4
"Indiana Pacers","east","56","26",96.7,92.3,"2014","y",1,4.40000000000001
"Chicago Bulls","east","48","34",93.7,91.8,"2014","y",3,1.90000000000001
"Cleveland Cavaliers","east","33","49",98.2,101.5,"2014","n",10,-3.3
"Detroit Pistons","east","29","53",101,104.7,"2014","n",11,-3.7
"Milwaukee Bucks","east","15","67",95.5,103.7,"2014","n",15,-8.2
"Miami Heat","east","54","28",102.2,97.4,"2014","y",2,4.8
"Washington Wizards","east","44","38",100.7,99.4,"2014","y",5,1.3
"Charlotte Bobcats","east","43","39",96.9,97.1,"2014","y",7,-0.199999999999989
"Atlanta Hawks","east","38","44",101,101.5,"2014","y",8,-0.5
"Orlando Magic","east","23","59",96.5,102,"2014","n",13,-5.5
"Toronto Raptors","east","49","33",104,100.9,"2015","y",4,3.09999999999999
"Boston Celtics","east","40","42",101.4,101.2,"2015","y",7,0.200000000000003
"Brooklyn Nets","east","38","44",98,100.9,"2015","y",8,-2.90000000000001
"Philadelphia 76ers","east","18","64",92,101,"2015","n",14,-9
"New York Knicks","east","17","65",91.9,101.2,"2015","n",15,-9.3
"Cleveland Cavaliers","east","53","29",103.1,98.7,"2015","y",2,4.39999999999999
"Chicago Bulls","east","50","32",100.8,97.8,"2015","y",3,3
"Milwaukee Bucks","east","41","41",97.8,97.4,"2015","y",6,0.399999999999991
"Indiana Pacers","east","38","44",97.3,97,"2015","n",9,0.299999999999997
"Detroit Pistons","east","32","50",98.5,99.5,"2015","n",12,-1
"Atlanta Hawks","east","60","22",102.5,97.1,"2015","y",1,5.40000000000001
"Washington Wizards","east","46","36",98.5,97.8,"2015","y",5,0.700000000000003
"Miami Heat","east","37","45",94.7,97.3,"2015","n",10,-2.59999999999999
"Charlotte Hornets","east","33","49",94.2,97.3,"2015","n",11,-3.09999999999999
"Orlando Magic","east","25","57",95.7,101.4,"2015","n",13,-5.7
"Denver Nuggets","west","50","32",112.6,107.4,"1977","y",2,5.19999999999999
"Detroit Pistons","west","44","38",109.4,110.4,"1977","y",5,-1
"Chicago Bulls","west","44","38",98.9,98,"1977","y",6,0.900000000000006
"Kansas City Kings","west","40","42",107.7,106.8,"1977","n",8,0.900000000000006
"Indiana Pacers","west","36","46",106.8,108.6,"1977","n",9,-1.8
"Milwaukee Bucks","west","30","52",108.4,111.5,"1977","n",11,-3.09999999999999
"Los Angeles Lakers","west","53","29",106.9,104.1,"1977","y",1,2.80000000000001
"Portland Trail Blazers","west","49","33",111.7,106.2,"1977","y",3,5.5
"Golden State Warriors","west","46","36",110.9,107.7,"1977","y",4,3.2
"Seattle SuperSonics","west","40","42",104,105.5,"1977","n",7,-1.5
"Phoenix Suns","west","34","48",104.9,104.2,"1977","n",10,0.700000000000003
"Denver Nuggets","west","48","34",111.8,110.9,"1978","y",2,0.899999999999991
"Milwaukee Bucks","west","44","38",112.4,113,"1978","y",6,-0.599999999999994
"Chicago Bulls","west","40","42",103.9,104.8,"1978","n",8,-0.899999999999991
"Detroit Pistons","west","38","44",109,110.2,"1978","n",9,-1.2
"Kansas City Kings","west","31","51",109.5,111.4,"1978","n",10,-1.90000000000001
"Indiana Pacers","west","31","51",108.6,111.1,"1978","n",11,-2.5
"Portland Trail Blazers","west","58","24",107.7,101.5,"1978","y",1,6.2
"Phoenix Suns","west","49","33",112.3,108.6,"1978","y",3,3.7
"Seattle SuperSonics","west","47","35",104.5,102.9,"1978","y",4,1.59999999999999
"Los Angeles Lakers","west","45","37",110.3,107.6,"1978","y",5,2.7
"Golden State Warriors","west","43","39",106.1,105.7,"1978","n",7,0.399999999999991
"Kansas City Kings","west","48","34",113.1,110.2,"1979","y",2,2.89999999999999
"Denver Nuggets","west","47","35",110.7,109.5,"1979","y",4,1.2
"Milwaukee Bucks","west","38","44",114.1,111.8,"1979","n",8,2.3
"Indiana Pacers","west","38","44",108.6,110.2,"1979","n",10,-1.60000000000001
"Chicago Bulls","west","31","51",104.7,108.7,"1979","n",11,-4
"Seattle SuperSonics","west","52","30",106.6,103.9,"1979","y",1,2.69999999999999
"Phoenix Suns","west","50","32",115.4,111.7,"1979","y",3,3.7
"Los Angeles Lakers","west","47","35",112.9,109.9,"1979","y",5,3
"Portland Trail Blazers","west","45","37",108.4,107.1,"1979","y",6,1.30000000000001
"San Diego Clippers","west","43","39",113.1,114.9,"1979","n",7,-1.80000000000001
"Golden State Warriors","west","38","44",105.1,104.8,"1979","n",9,0.299999999999997
"Milwaukee Bucks","west","49","33",110.1,106.1,"1980","y",2,4
"Kansas City Kings","west","47","35",108,104.9,"1980","y",5,3.09999999999999
"Denver Nuggets","west","30","52",108.3,112.7,"1980","n",8,-4.40000000000001
"Chicago Bulls","west","30","52",107.5,110.2,"1980","n",9,-2.7
"Utah Jazz","west","24","58",102.4,108.4,"1980","n",11,-6
"Los Angeles Lakers","west","60","22",115.1,109.2,"1980","y",1,5.89999999999999
"Seattle SuperSonics","west","56","26",108.5,103.8,"1980","y",3,4.7
"Phoenix Suns","west","55","27",111.1,107.5,"1980","y",4,3.59999999999999
"Portland Trail Blazers","west","38","44",102.5,103.3,"1980","y",6,-0.799999999999997
"San Diego Clippers","west","35","47",107.6,111.7,"1980","n",7,-4.10000000000001
"Golden State Warriors","west","24","58",103.6,108,"1980","n",10,-4.40000000000001
"San Antonio Spurs","west","52","30",112.3,109.4,"1981","y",2,2.89999999999999
"Kansas City Kings","west","40","42",106.9,106.9,"1981","y",5,0
"Houston Rockets","west","40","42",108.3,107.9,"1981","y",6,0.399999999999991
"Denver Nuggets","west","37","45",121.8,122.3,"1981","n",8,-0.5
"Utah Jazz","west","28","54",101.2,107.1,"1981","n",11,-5.89999999999999
"Dallas Mavericks","west","15","67",101.5,109.9,"1981","n",12,-8.40000000000001
"Phoenix Suns","west","57","25",110,104.5,"1981","y",1,5.5
"Los Angeles Lakers","west","54","28",111.2,107.3,"1981","y",3,3.90000000000001
"Portland Trail Blazers","west","45","37",110.7,109.8,"1981","y",4,0.900000000000006
"Golden State Warriors","west","39","43",109.8,111,"1981","n",7,-1.2
"San Diego Clippers","west","36","46",106.5,108.1,"1981","n",9,-1.59999999999999
"Seattle SuperSonics","west","34","48",104,105.7,"1981","n",10,-1.7
"San Antonio Spurs","west","48","34",113.1,110.8,"1982","y",2,2.3
"Denver Nuggets","west","46","36",126.5,126,"1982","y",4,0.5
"Houston Rockets","west","46","36",105.9,105.9,"1982","y",6,0
"Kansas City Kings","west","30","52",107.1,110.2,"1982","n",9,-3.10000000000001
"Dallas Mavericks","west","28","54",104.6,109,"1982","n",10,-4.40000000000001
"Utah Jazz","west","25","57",110.9,116.6,"1982","n",11,-5.69999999999999
"Los Angeles Lakers","west","57","25",114.6,109.8,"1982","y",1,4.8
"Seattle SuperSonics","west","52","30",107.3,103.1,"1982","y",3,4.2
"Phoenix Suns","west","46","36",106.2,102.7,"1982","y",5,3.5
"Golden State Warriors","west","45","37",110.9,109.8,"1982","n",7,1.10000000000001
"Portland Trail Blazers","west","42","40",109.8,109.2,"1982","n",8,0.599999999999994
"San Diego Clippers","west","17","65",108.5,115.9,"1982","n",12,-7.40000000000001
"San Antonio Spurs","west","53","29",114.3,110.7,"1983","y",2,3.59999999999999
"Denver Nuggets","west","45","37",123.2,122.6,"1983","y",6,0.600000000000009
"Kansas City Kings","west","45","37",113.8,112.3,"1983","n",7,1.5
"Dallas Mavericks","west","38","44",112.7,113.1,"1983","n",8,-0.399999999999991
"Utah Jazz","west","30","52",109,113.2,"1983","n",10,-4.2
"Houston Rockets","west","14","68",99.3,110.9,"1983","n",12,-11.6
"Los Angeles Lakers","west","58","24",115,109.5,"1983","y",1,5.5
"Phoenix Suns","west","53","29",107,102,"1983","y",3,5
"Seattle SuperSonics","west","48","34",110,106.8,"1983","y",4,3.2
"Portland Trail Blazers","west","46","36",107.4,105.3,"1983","y",5,2.10000000000001
"Golden State Warriors","west","30","52",108.6,112.3,"1983","n",9,-3.7
"San Diego Clippers","west","25","57",108.6,113.4,"1983","n",11,-4.80000000000001
"Utah Jazz","west","45","37",115,113.8,"1984","y",2,1.2
"Dallas Mavericks","west","43","39",110.4,110,"1984","y",4,0.400000000000006
"Denver Nuggets","west","38","44",123.7,124.8,"1984","y",7,-1.09999999999999
"Kansas City Kings","west","38","44",110,111.5,"1984","y",8,-1.5
"San Antonio Spurs","west","37","45",120.3,120.5,"1984","n",10,-0.200000000000003
"Houston Rockets","west","29","53",110.6,113.7,"1984","n",12,-3.10000000000001
"Los Angeles Lakers","west","54","28",115.6,111.8,"1984","y",1,3.8
"Portland Trail Blazers","west","48","34",113.1,109.6,"1984","y",3,3.5
"Seattle SuperSonics","west","42","40",108.1,108.3,"1984","y",5,-0.200000000000003
"Phoenix Suns","west","41","41",111,110.1,"1984","y",6,0.900000000000006
"Golden State Warriors","west","37","45",109.9,113.3,"1984","n",9,-3.39999999999999
"San Diego Clippers","west","30","52",110.7,114,"1984","n",11,-3.3
"Denver Nuggets","west","52","30",120,117.6,"1985","y",2,2.40000000000001
"Houston Rockets","west","48","34",111.2,109.5,"1985","y",3,1.7
"Dallas Mavericks","west","44","38",111.2,109,"1985","y",4,2.2
"Utah Jazz","west","41","41",109,109.1,"1985","y",6,-0.0999999999999943
"San Antonio Spurs","west","41","41",114.8,113.9,"1985","y",7,0.899999999999991
"Kansas City Kings","west","31","51",114.8,117.5,"1985","n",9,-2.7
"Los Angeles Lakers","west","62","20",118.2,110.9,"1985","y",1,7.3
"Portland Trail Blazers","west","42","40",115.5,112.1,"1985","y",5,3.40000000000001
"Phoenix Suns","west","36","46",108,110.1,"1985","y",8,-2.09999999999999
"Seattle SuperSonics","west","31","51",102.1,107.6,"1985","n",10,-5.5
"Los Angeles Clippers","west","31","51",107.1,111.6,"1985","n",11,-4.5
"Golden State Warriors","west","22","60",110.4,117.7,"1985","n",12,-7.3
"Houston Rockets","west","51","31",114.4,111.8,"1986","y",2,2.60000000000001
"Denver Nuggets","west","47","35",114.8,113.5,"1986","y",3,1.3
"Dallas Mavericks","west","44","38",115.3,114.2,"1986","y",4,1.09999999999999
"Utah Jazz","west","42","40",108.2,108.5,"1986","y",5,-0.299999999999997
"Sacramento Kings","west","37","45",108.8,111.9,"1986","y",7,-3.10000000000001
"San Antonio Spurs","west","35","47",111.2,113.1,"1986","y",8,-1.89999999999999
"Los Angeles Lakers","west","62","20",117.3,109.5,"1986","y",1,7.8
"Portland Trail Blazers","west","40","42",115.1,114,"1986","y",6,1.09999999999999
"Phoenix Suns","west","32","50",110,113,"1986","n",9,-3
"Los Angeles Clippers","west","32","50",108.6,115.5,"1986","n",10,-6.90000000000001
"Seattle SuperSonics","west","31","51",104.4,104.5,"1986","n",11,-0.0999999999999943
"Golden State Warriors","west","30","52",113.4,116.9,"1986","n",12,-3.5
"Dallas Mavericks","west","55","27",116.7,110.4,"1987","y",2,6.3
"Utah Jazz","west","44","38",107.9,107.5,"1987","y",4,0.400000000000006
"Houston Rockets","west","42","40",106.9,105.9,"1987","y",6,1
"Denver Nuggets","west","37","45",116.7,117.6,"1987","y",8,-0.899999999999991
"Sacramento Kings","west","29","53",110.9,114.1,"1987","n",10,-3.19999999999999
"San Antonio Spurs","west","28","54",108.3,113.4,"1987","n",11,-5.10000000000001
"Los Angeles Lakers","west","65","17",117.8,108.5,"1987","y",1,9.3
"Portland Trail Blazers","west","49","33",117.9,114.8,"1987","y",3,3.10000000000001
"Golden State Warriors","west","42","40",112,114.4,"1987","y",5,-2.40000000000001
"Seattle SuperSonics","west","39","43",113.7,113.3,"1987","y",7,0.400000000000006
"Phoenix Suns","west","36","46",111.1,113.5,"1987","n",9,-2.40000000000001
"Los Angeles Clippers","west","12","70",104.5,115.9,"1987","n",12,-11.4
"Denver Nuggets","west","54","28",116.7,112.7,"1988","y",2,4
"Dallas Mavericks","west","53","29",109.3,104.9,"1988","y",3,4.39999999999999
"Utah Jazz","west","47","35",108.5,104.8,"1988","y",5,3.7
"Houston Rockets","west","46","36",109,107.6,"1988","y",6,1.40000000000001
"San Antonio Spurs","west","31","51",113.6,118.5,"1988","y",8,-4.90000000000001
"Sacramento Kings","west","24","58",108,113.7,"1988","n",10,-5.7
"Los Angeles Lakers","west","62","20",112.8,107,"1988","y",1,5.8
"Portland Trail Blazers","west","53","29",116.1,111.5,"1988","y",4,4.59999999999999
"Seattle SuperSonics","west","44","38",111.4,109.3,"1988","y",7,2.10000000000001
"Phoenix Suns","west","28","54",108.5,113,"1988","n",9,-4.5
"Golden State Warriors","west","20","62",107,115.3,"1988","n",11,-8.3
"Los Angeles Clippers","west","17","65",98.8,109.1,"1988","n",12,-10.3
"Utah Jazz","west","51","31",104.7,99.7,"1989","y",2,5
"Houston Rockets","west","45","37",108.5,107.5,"1989","y",5,1
"Denver Nuggets","west","44","38",118,116.3,"1989","y",6,1.7
"Dallas Mavericks","west","38","44",103.5,104.7,"1989","n",9,-1.2
"San Antonio Spurs","west","21","61",105.5,112.8,"1989","n",12,-7.3
"Miami Heat","west","15","67",97.8,109,"1989","n",13,-11.2
"Los Angeles Lakers","west","57","25",114.7,107.5,"1989","y",1,7.2
"Phoenix Suns","west","55","27",118.6,110.9,"1989","y",3,7.69999999999999
"Seattle SuperSonics","west","47","35",112.1,109.2,"1989","y",4,2.89999999999999
"Golden State Warriors","west","43","39",116.6,116.9,"1989","y",7,-0.300000000000011
"Portland Trail Blazers","west","39","43",114.6,113.1,"1989","y",8,1.5
"Sacramento Kings","west","27","55",105.5,111,"1989","n",10,-5.5
"Los Angeles Clippers","west","21","61",106.2,116.2,"1989","n",11,-10
"San Antonio Spurs","west","56","26",106.3,102.8,"1990","y",2,3.5
"Utah Jazz","west","55","27",106.8,102,"1990","y",4,4.8
"Dallas Mavericks","west","47","35",102.2,102.2,"1990","y",6,0
"Denver Nuggets","west","43","39",114.6,113.2,"1990","y",7,1.39999999999999
"Houston Rockets","west","41","41",106.7,105.3,"1990","y",8,1.40000000000001
"Minnesota Timberwolves","west","22","60",95.2,99.4,"1990","n",13,-4.2
"Charlotte Hornets","west","19","63",100.4,108.2,"1990","n",14,-7.8
"Los Angeles Lakers","west","63","19",110.7,103.9,"1990","y",1,6.8
"Portland Trail Blazers","west","59","23",114.2,107.9,"1990","y",3,6.3
"Phoenix Suns","west","54","28",114.9,107.8,"1990","y",5,7.10000000000001
"Seattle SuperSonics","west","41","41",106.9,105.9,"1990","n",9,1
"Golden State Warriors","west","37","45",116.3,119.4,"1990","n",10,-3.10000000000001
"Los Angeles Clippers","west","30","52",103.8,107.2,"1990","n",11,-3.40000000000001
"Sacramento Kings","west","23","59",101.7,106.8,"1990","n",12,-5.09999999999999
"San Antonio Spurs","west","55","27",107.1,102.6,"1991","y",2,4.5
"Utah Jazz","west","54","28",104,100.7,"1991","y",5,3.3
"Houston Rockets","west","52","30",106.7,103.2,"1991","y",6,3.5
"Orlando Magic","west","31","51",105.9,109.9,"1991","n",9,-4
"Minnesota Timberwolves","west","29","53",99.6,103.5,"1991","n",11,-3.90000000000001
"Dallas Mavericks","west","28","54",99.9,104.5,"1991","n",12,-4.59999999999999
"Denver Nuggets","west","20","62",119.9,130.8,"1991","n",14,-10.9
"Portland Trail Blazers","west","63","19",114.7,106,"1991","y",1,8.7
"Los Angeles Lakers","west","58","24",106.3,99.6,"1991","y",3,6.7
"Phoenix Suns","west","55","27",114,107.5,"1991","y",4,6.5
"Golden State Warriors","west","44","38",116.6,115,"1991","y",7,1.59999999999999
"Seattle SuperSonics","west","41","41",106.6,105.4,"1991","y",8,1.19999999999999
"Los Angeles Clippers","west","31","51",103.5,107,"1991","n",10,-3.5
"Sacramento Kings","west","25","57",96.7,103.5,"1991","n",13,-6.8
"Utah Jazz","west","55","27",108.3,101.9,"1992","y",2,6.39999999999999
"San Antonio Spurs","west","47","35",104,100.6,"1992","y",5,3.40000000000001
"Houston Rockets","west","42","40",102,103.7,"1992","n",9,-1.7
"Denver Nuggets","west","24","58",99.7,107.6,"1992","n",11,-7.89999999999999
"Dallas Mavericks","west","22","60",97.6,105.3,"1992","n",12,-7.7
"Minnesota Timberwolves","west","15","67",100.5,107.5,"1992","n",13,-7
"Portland Trail Blazers","west","57","25",111.4,104.1,"1992","y",1,7.30000000000001
"Golden State Warriors","west","55","27",118.7,114.8,"1992","y",3,3.90000000000001
"Phoenix Suns","west","53","29",112.1,106.2,"1992","y",4,5.89999999999999
"Seattle SuperSonics","west","47","35",106.5,104.7,"1992","y",6,1.8
"Los Angeles Clippers","west","45","37",102.9,101.9,"1992","y",7,1
"Los Angeles Lakers","west","43","39",100.4,101.5,"1992","y",8,-1.09999999999999
"Sacramento Kings","west","29","53",104.3,110.3,"1992","n",10,-6
"Houston Rockets","west","55","27",104,99.8,"1993","y",2,4.2
"San Antonio Spurs","west","49","33",105.5,102.8,"1993","y",5,2.7
"Utah Jazz","west","47","35",106.2,104,"1993","y",6,2.2
"Denver Nuggets","west","36","46",105.2,106.9,"1993","n",9,-1.7
"Minnesota Timberwolves","west","19","63",98.1,105.9,"1993","n",12,-7.80000000000001
"Dallas Mavericks","west","11","71",99.3,114.5,"1993","n",13,-15.2
"Phoenix Suns","west","62","20",113.4,106.7,"1993","y",1,6.7
"Seattle SuperSonics","west","55","27",108.3,101.3,"1993","y",3,7
"Portland Trail Blazers","west","51","31",108.5,105.4,"1993","y",4,3.09999999999999
"Los Angeles Clippers","west","41","41",107.1,106.8,"1993","y",7,0.299999999999997
"Los Angeles Lakers","west","39","43",104.2,105.5,"1993","y",8,-1.3
"Golden State Warriors","west","34","48",109.9,110.9,"1993","n",10,-1
"Sacramento Kings","west","25","57",107.9,111.1,"1993","n",11,-3.19999999999999
"Houston Rockets","west","58","24",101.1,96.8,"1994","y",2,4.3
"San Antonio Spurs","west","55","27",100,94.8,"1994","y",4,5.2
"Utah Jazz","west","53","29",101.9,97.7,"1994","y",5,4.2
"Denver Nuggets","west","42","40",100.3,98.8,"1994","y",8,1.5
"Minnesota Timberwolves","west","20","62",96.7,103.6,"1994","n",12,-6.89999999999999
"Dallas Mavericks","west","13","69",95.1,103.8,"1994","n",13,-8.7
"Seattle SuperSonics","west","63","19",105.9,96.9,"1994","y",1,9
"Phoenix Suns","west","56","26",108.2,103.4,"1994","y",3,4.8
"Golden State Warriors","west","50","32",107.9,106.1,"1994","y",6,1.80000000000001
"Portland Trail Blazers","west","47","35",107.3,104.6,"1994","y",7,2.7
"Los Angeles Lakers","west","33","49",100.4,104.7,"1994","n",9,-4.3
"Sacramento Kings","west","28","54",101.1,106.9,"1994","n",10,-5.80000000000001
"Los Angeles Clippers","west","27","55",103,108.7,"1994","n",11,-5.7
"San Antonio Spurs","west","62","20",106.6,100.6,"1995","y",1,6
"Utah Jazz","west","60","22",106.4,98.4,"1995","y",3,8
"Houston Rockets","west","47","35",103.5,101.4,"1995","y",6,2.09999999999999
"Denver Nuggets","west","41","41",101.3,100.5,"1995","y",8,0.799999999999997
"Dallas Mavericks","west","36","46",103.2,106.1,"1995","n",10,-2.89999999999999
"Minnesota Timberwolves","west","21","61",94.2,103.2,"1995","n",12,-9
"Phoenix Suns","west","59","23",110.6,106.8,"1995","y",2,3.8
"Seattle SuperSonics","west","57","25",110.4,102.2,"1995","y",4,8.2
"Los Angeles Lakers","west","48","34",105.1,105.3,"1995","y",5,-0.200000000000003
"Portland Trail Blazers","west","44","38",103.1,99.2,"1995","y",7,3.89999999999999
"Sacramento Kings","west","39","43",98.2,99.2,"1995","n",9,-1
"Golden State Warriors","west","26","56",105.7,111.1,"1995","n",11,-5.39999999999999
"Los Angeles Clippers","west","17","65",96.7,105.8,"1995","n",13,-9.09999999999999
"San Antonio Spurs","west","59","23",103.4,97.1,"1996","y",2,6.30000000000001
"Utah Jazz","west","55","27",102.5,95.9,"1996","y",3,6.59999999999999
"Houston Rockets","west","48","34",102.5,100.7,"1996","y",5,1.8
"Denver Nuggets","west","35","47",97.7,100.4,"1996","n",10,-2.7
"Minnesota Timberwolves","west","26","56",97.9,103.2,"1996","n",12,-5.3
"Dallas Mavericks","west","26","56",102.5,107.5,"1996","n",13,-5
"Vancouver Grizzlies","west","15","67",89.8,99.8,"1996","n",14,-10
"Seattle SuperSonics","west","64","18",104.5,96.7,"1996","y",1,7.8
"Los Angeles Lakers","west","53","29",102.9,98.5,"1996","y",4,4.40000000000001
"Portland Trail Blazers","west","44","38",99.3,97,"1996","y",6,2.3
"Phoenix Suns","west","41","41",104.3,104,"1996","y",7,0.299999999999997
"Sacramento Kings","west","39","43",99.5,102.3,"1996","y",8,-2.8
"Golden State Warriors","west","36","46",101.6,103.1,"1996","n",9,-1.5
"Los Angeles Clippers","west","29","53",99.4,103,"1996","n",11,-3.59999999999999
"Utah Jazz","west","64","18",103.1,94.3,"1997","y",1,8.8
"Houston Rockets","west","57","25",100.6,96.1,"1997","y",3,4.5
"Minnesota Timberwolves","west","40","42",96.1,97.6,"1997","y",6,-1.5
"Dallas Mavericks","west","24","58",90.6,97,"1997","n",11,-6.40000000000001
"Denver Nuggets","west","21","61",97.8,104.1,"1997","n",12,-6.3
"San Antonio Spurs","west","20","62",90.5,98.3,"1997","n",13,-7.8
"Vancouver Grizzlies","west","14","68",89.2,99.4,"1997","n",14,-10.2
"Seattle SuperSonics","west","57","25",100.9,93.2,"1997","y",2,7.7
"Los Angeles Lakers","west","56","26",100,95.7,"1997","y",4,4.3
"Portland Trail Blazers","west","49","33",99,94.8,"1997","y",5,4.2
"Phoenix Suns","west","40","42",102.8,102.2,"1997","y",7,0.599999999999994
"Los Angeles Clippers","west","36","46",97.2,99.5,"1997","y",8,-2.3
"Sacramento Kings","west","34","48",96.4,99.8,"1997","n",9,-3.39999999999999
"Golden State Warriors","west","30","52",99.6,104.4,"1997","n",10,-4.80000000000001
"Utah Jazz","west","62","20",101,94.4,"1998","y",1,6.59999999999999
"San Antonio Spurs","west","56","26",92.5,88.5,"1998","y",5,4
"Minnesota Timberwolves","west","45","37",101.1,100.4,"1998","y",7,0.699999999999989
"Houston Rockets","west","41","41",98.8,99.5,"1998","y",8,-0.700000000000003
"Dallas Mavericks","west","20","62",91.4,97.5,"1998","n",10,-6.09999999999999
"Vancouver Grizzlies","west","19","63",96.6,103.9,"1998","n",11,-7.30000000000001
"Denver Nuggets","west","11","71",89,100.8,"1998","n",14,-11.8
"Seattle SuperSonics","west","61","21",100.6,93.4,"1998","y",2,7.19999999999999
"Los Angeles Lakers","west","61","21",105.5,97.8,"1998","y",3,7.7
"Phoenix Suns","west","56","26",99.6,94.4,"1998","y",4,5.19999999999999
"Portland Trail Blazers","west","46","36",94.3,92.9,"1998","y",6,1.39999999999999
"Sacramento Kings","west","27","55",93.1,98.7,"1998","n",9,-5.60000000000001
"Golden State Warriors","west","19","63",88.3,97.4,"1998","n",12,-9.10000000000001
"Los Angeles Clippers","west","17","65",95.9,103.3,"1998","n",13,-7.39999999999999
"San Antonio Spurs","west","37","13",92.8,84.7,"1999","y",1,8.09999999999999
"Utah Jazz","west","37","13",93.3,86.8,"1999","y",2,6.5
"Houston Rockets","west","31","19",94.2,91.9,"1999","y",5,2.3
"Minnesota Timberwolves","west","25","25",92.9,92.6,"1999","y",8,0.300000000000011
"Dallas Mavericks","west","19","31",91.6,94,"1999","n",11,-2.40000000000001
"Denver Nuggets","west","14","36",93.5,100.1,"1999","n",12,-6.59999999999999
"Vancouver Grizzlies","west","8","42",88.9,97.5,"1999","n",14,-8.59999999999999
"Portland Trail Blazers","west","35","15",94.8,88.5,"1999","y",3,6.3
"Los Angeles Lakers","west","31","19",99,96,"1999","y",4,3
"Phoenix Suns","west","27","23",95.6,93.3,"1999","y",6,2.3
"Sacramento Kings","west","27","23",100.2,100.6,"1999","y",7,-0.399999999999991
"Seattle SuperSonics","west","25","25",94.9,95.9,"1999","n",9,-1
"Golden State Warriors","west","21","29",88.3,90.8,"1999","n",10,-2.5
"Los Angeles Clippers","west","9","41",90.4,99.2,"1999","n",13,-8.8
"Utah Jazz","west","55","27",96.5,92,"2000","y",2,4.5
"San Antonio Spurs","west","53","29",96.2,90.2,"2000","y",4,6
"Minnesota Timberwolves","west","50","32",98.5,96,"2000","y",6,2.5
"Dallas Mavericks","west","40","42",101.4,102,"2000","n",9,-0.599999999999994
"Denver Nuggets","west","35","47",99,101.1,"2000","n",10,-2.09999999999999
"Houston Rockets","west","34","48",99.5,100.3,"2000","n",11,-0.799999999999997
"Vancouver Grizzlies","west","22","60",93.9,99.5,"2000","n",12,-5.59999999999999
"Los Angeles Lakers","west","67","15",100.8,92.3,"2000","y",1,8.5
"Portland Trail Blazers","west","59","23",97.5,91,"2000","y",3,6.5
"Phoenix Suns","west","53","29",98.9,93.7,"2000","y",5,5.2
"Seattle SuperSonics","west","45","37",99.1,98.1,"2000","y",7,1
"Sacramento Kings","west","44","38",105,102,"2000","y",8,3
"Golden State Warriors","west","19","63",95.5,103.8,"2000","n",13,-8.3
"Los Angeles Clippers","west","15","67",92,103.5,"2000","n",14,-11.5
"San Antonio Spurs","west","58","24",96.2,88.4,"2001","y",1,7.8
"Utah Jazz","west","53","29",97.1,92.4,"2001","y",4,4.69999999999999
"Dallas Mavericks","west","53","29",100.5,96.2,"2001","y",5,4.3
"Minnesota Timberwolves","west","47","35",97.3,96,"2001","y",8,1.3
"Houston Rockets","west","45","37",97.2,94.9,"2001","n",9,2.3
"Denver Nuggets","west","40","42",96.6,99,"2001","n",11,-2.40000000000001
"Vancouver Grizzlies","west","23","59",91.7,97.5,"2001","n",13,-5.8
"Los Angeles Lakers","west","56","26",100.6,97.2,"2001","y",2,3.39999999999999
"Sacramento Kings","west","55","27",101.7,95.9,"2001","y",3,5.8
"Phoenix Suns","west","51","31",94,91.8,"2001","y",6,2.2
"Portland Trail Blazers","west","50","32",95.4,91.2,"2001","y",7,4.2
"Seattle SuperSonics","west","44","38",97.3,97.3,"2001","n",10,0
"Los Angeles Clippers","west","31","51",92.5,95.3,"2001","n",12,-2.8
"Golden State Warriors","west","17","65",92.5,101.5,"2001","n",14,-9
"San Antonio Spurs","west","58","24",96.7,90.5,"2002","y",2,6.2
"Dallas Mavericks","west","57","25",105.2,101,"2002","y",4,4.2
"Minnesota Timberwolves","west","50","32",99.3,96,"2002","y",5,3.3
"Utah Jazz","west","44","38",96,95.1,"2002","y",8,0.900000000000006
"Houston Rockets","west","28","54",92.3,97.2,"2002","n",11,-4.90000000000001
"Denver Nuggets","west","27","55",92.2,98,"2002","n",12,-5.8
"Memphis Grizzlies","west","23","59",89.9,97.3,"2002","n",13,-7.39999999999999
"Sacramento Kings","west","61","21",104.6,97,"2002","y",1,7.59999999999999
"Los Angeles Lakers","west","58","24",101.3,94.1,"2002","y",3,7.2
"Portland Trail Blazers","west","49","33",96.6,93.7,"2002","y",6,2.89999999999999
"Seattle SuperSonics","west","45","37",97.7,94.7,"2002","y",7,3
"Los Angeles Clippers","west","39","43",95.7,96.1,"2002","n",9,-0.399999999999991
"Phoenix Suns","west","36","46",95.1,95.8,"2002","n",10,-0.700000000000003
"Golden State Warriors","west","21","61",97.7,103.1,"2002","n",14,-5.39999999999999
"San Antonio Spurs","west","60","22",95.8,90.4,"2003","y",1,5.39999999999999
"Dallas Mavericks","west","60","22",103,95.2,"2003","y",3,7.8
"Minnesota Timberwolves","west","51","31",98.1,96,"2003","y",4,2.09999999999999
"Utah Jazz","west","47","35",94.7,92.3,"2003","y",7,2.40000000000001
"Houston Rockets","west","43","39",93.8,92.3,"2003","n",9,1.5
"Memphis Grizzlies","west","28","54",97.5,100.7,"2003","n",12,-3.2
"Denver Nuggets","west","17","65",84.2,92.4,"2003","n",14,-8.2
"Sacramento Kings","west","59","23",101.7,95.2,"2003","y",2,6.5
"Los Angeles Lakers","west","50","32",100.4,98,"2003","y",5,2.40000000000001
"Portland Trail Blazers","west","50","32",95.2,92.5,"2003","y",6,2.7
"Phoenix Suns","west","44","38",95.5,94.4,"2003","y",8,1.09999999999999
"Seattle SuperSonics","west","40","42",92.1,92.3,"2003","n",10,-0.200000000000003
"Golden State Warriors","west","38","44",102.4,103.6,"2003","n",11,-1.19999999999999
"Los Angeles Clippers","west","27","55",93.8,97.9,"2003","n",13,-4.10000000000001
"Minnesota Timberwolves","west","58","24",94.5,89.1,"2004","y",1,5.40000000000001
"San Antonio Spurs","west","57","25",91.5,84.3,"2004","y",3,7.2
"Dallas Mavericks","west","52","30",105.2,100.8,"2004","y",5,4.40000000000001
"Memphis Grizzlies","west","50","32",96.7,94.3,"2004","y",6,2.40000000000001
"Houston Rockets","west","45","37",89.8,88,"2004","y",7,1.8
"Denver Nuggets","west","43","39",97.2,96.1,"2004","y",8,1.10000000000001
"Utah Jazz","west","42","40",88.7,89.9,"2004","n",9,-1.2
"Los Angeles Lakers","west","56","26",98.2,94.3,"2004","y",2,3.90000000000001
"Sacramento Kings","west","55","27",102.8,97.8,"2004","y",4,5
"Portland Trail Blazers","west","41","41",90.7,92,"2004","n",10,-1.3
"Golden State Warriors","west","37","45",93.3,94,"2004","n",11,-0.700000000000003
"Seattle SuperSonics","west","37","45",97.1,97.8,"2004","n",12,-0.700000000000003
"Phoenix Suns","west","29","53",94.2,97.9,"2004","n",13,-3.7
"Los Angeles Clippers","west","28","54",94.8,99.4,"2004","n",14,-4.60000000000001
"Seattle SuperSonics","west","52","30",98.9,96.6,"2005","y",3,2.30000000000001
"Denver Nuggets","west","49","33",99.5,97.5,"2005","y",7,2
"Minnesota Timberwolves","west","44","38",96.8,95.3,"2005","n",9,1.5
"Portland Trail Blazers","west","27","55",92.9,96.9,"2005","n",13,-4
"Utah Jazz","west","26","56",93,97.3,"2005","n",14,-4.3
"Phoenix Suns","west","62","20",110.4,103.3,"2005","y",1,7.10000000000001
"Sacramento Kings","west","50","32",103.7,101.6,"2005","y",6,2.10000000000001
"Los Angeles Clippers","west","37","45",95.7,96.5,"2005","n",10,-0.799999999999997
"Los Angeles Lakers","west","34","48",98.7,101.7,"2005","n",11,-3
"Golden State Warriors","west","34","48",98.7,100.9,"2005","n",12,-2.2
"San Antonio Spurs","west","59","23",96.2,88.4,"2005","y",2,7.8
"Dallas Mavericks","west","58","24",102.5,96.8,"2005","y",4,5.7
"Houston Rockets","west","51","31",95.1,91,"2005","y",5,4.09999999999999
"Memphis Grizzlies","west","45","37",93.4,91.1,"2005","y",8,2.30000000000001
"New Orleans Hornets","west","18","64",88.4,95.5,"2005","n",15,-7.09999999999999
"Denver Nuggets","west","44","38",100.3,100.1,"2006","y",3,0.200000000000003
"Utah Jazz","west","41","41",92.4,95,"2006","n",9,-2.59999999999999
"Seattle SuperSonics","west","35","47",102.6,105.6,"2006","n",11,-3
"Minnesota Timberwolves","west","33","49",91.7,93.6,"2006","n",14,-1.89999999999999
"Portland Trail Blazers","west","21","61",88.8,98.3,"2006","n",15,-9.5
"Phoenix Suns","west","54","28",108.4,102.8,"2006","y",2,5.60000000000001
"Los Angeles Clippers","west","47","35",97.2,95.6,"2006","y",6,1.60000000000001
"Los Angeles Lakers","west","45","37",99.4,96.9,"2006","y",7,2.5
"Sacramento Kings","west","44","38",98.9,97.3,"2006","y",8,1.60000000000001
"Golden State Warriors","west","34","48",98.5,99.8,"2006","n",13,-1.3
"San Antonio Spurs","west","63","19",95.6,88.8,"2006","y",1,6.8
"Dallas Mavericks","west","60","22",99.1,93.1,"2006","y",4,6
"Memphis Grizzlies","west","49","33",92.2,88.5,"2006","y",5,3.7
"New Orleans/Oklahoma City Hornets","west","38","44",92.8,95.6,"2006","n",10,-2.8
"Houston Rockets","west","34","48",90.1,91.7,"2006","n",12,-1.60000000000001
"Utah Jazz","west","51","31",101.5,98.6,"2007","y",4,2.90000000000001
"Denver Nuggets","west","45","37",105.4,103.7,"2007","y",6,1.7
"Portland Trail Blazers","west","32","50",94.1,98.4,"2007","n",12,-4.30000000000001
"Minnesota Timberwolves","west","32","50",96.1,99.7,"2007","n",13,-3.60000000000001
"Seattle SuperSonics","west","31","51",99.1,102,"2007","n",14,-2.90000000000001
"Phoenix Suns","west","61","21",110.2,102.9,"2007","y",2,7.3
"Los Angeles Lakers","west","42","40",103.3,103.4,"2007","y",7,-0.100000000000009
"Golden State Warriors","west","42","40",106.5,106.9,"2007","y",8,-0.400000000000006
"Los Angeles Clippers","west","40","42",95.6,96.1,"2007","n",9,-0.5
"Sacramento Kings","west","33","49",101.3,103.1,"2007","n",11,-1.8
"Dallas Mavericks","west","67","15",100,92.8,"2007","y",1,7.2
"San Antonio Spurs","west","58","24",98.5,90.1,"2007","y",3,8.40000000000001
"Houston Rockets","west","52","30",97,92.1,"2007","y",5,4.90000000000001
"New Orleans/Oklahoma City Hornets","west","39","43",95.5,97.1,"2007","n",10,-1.59999999999999
"Memphis Grizzlies","west","22","60",101.6,106.7,"2007","n",15,-5.10000000000001
"Utah Jazz","west","54","28",106.2,99.3,"2008","y",4,6.90000000000001
"Denver Nuggets","west","50","32",110.7,107,"2008","y",8,3.7
"Portland Trail Blazers","west","41","41",95.4,96.3,"2008","n",10,-0.899999999999991
"Minnesota Timberwolves","west","22","60",95.6,102.4,"2008","n",14,-6.80000000000001
"Seattle SuperSonics","west","20","62",97.5,106.3,"2008","n",15,-8.8
"Los Angeles Lakers","west","57","25",108.6,101.3,"2008","y",1,7.3
"Phoenix Suns","west","55","27",110.1,105,"2008","y",6,5.09999999999999
"Golden State Warriors","west","48","34",111,108.8,"2008","n",9,2.2
"Sacramento Kings","west","38","44",102.5,104.8,"2008","n",11,-2.3
"Los Angeles Clippers","west","23","59",93.8,101.1,"2008","n",12,-7.3
"New Orleans Hornets","west","56","26",100.9,95.6,"2008","y",2,5.30000000000001
"San Antonio Spurs","west","56","26",95.4,90.6,"2008","y",3,4.80000000000001
"Houston Rockets","west","55","27",96.7,92,"2008","y",5,4.7
"Dallas Mavericks","west","51","31",100.4,95.9,"2008","y",7,4.5
"Memphis Grizzlies","west","22","60",100.7,106.9,"2008","n",13,-6.2
"Denver Nuggets","west","54","28",104.3,100.9,"2009","y",2,3.39999999999999
"Portland Trail Blazers","west","54","28",99.4,94.1,"2009","y",4,5.30000000000001
"Utah Jazz","west","48","34",103.6,100.9,"2009","y",8,2.69999999999999
"Minnesota Timberwolves","west","24","58",97.8,102.7,"2009","n",11,-4.90000000000001
"Oklahoma City Thunder","west","23","59",97,103.1,"2009","n",13,-6.09999999999999
"Los Angeles Lakers","west","65","17",106.9,99.3,"2009","y",1,7.60000000000001
"Phoenix Suns","west","46","36",109.4,107.5,"2009","n",9,1.90000000000001
"Golden State Warriors","west","29","53",108.6,112.3,"2009","n",10,-3.7
"Los Angeles Clippers","west","19","63",95.1,103.9,"2009","n",14,-8.80000000000001
"Sacramento Kings","west","17","65",100.6,109.3,"2009","n",15,-8.7
"San Antonio Spurs","west","54","28",97,93.3,"2009","y",3,3.7
"Houston Rockets","west","53","29",98.4,94.4,"2009","y",5,4
"Dallas Mavericks","west","50","32",101.7,99.8,"2009","y",6,1.90000000000001
"New Orleans Hornets","west","49","33",95.8,94.3,"2009","y",7,1.5
"Memphis Grizzlies","west","24","58",93.9,99.3,"2009","n",12,-5.39999999999999
"Denver Nuggets","west","53","29",106.5,102.4,"2010","y",4,4.09999999999999
"Utah Jazz","west","53","29",104.2,98.9,"2010","y",5,5.3
"Portland Trail Blazers","west","50","32",98.1,94.8,"2010","y",6,3.3
"Oklahoma City Thunder","west","50","32",101.5,98,"2010","y",8,3.5
"Minnesota Timberwolves","west","15","67",98.2,107.8,"2010","n",15,-9.59999999999999
"Los Angeles Lakers","west","57","25",101.7,97,"2010","y",1,4.7
"Phoenix Suns","west","54","28",110.2,105.3,"2010","y",3,4.90000000000001
"Los Angeles Clippers","west","29","53",95.7,102.1,"2010","n",12,-6.39999999999999
"Golden State Warriors","west","26","56",108.8,112.4,"2010","n",13,-3.60000000000001
"Sacramento Kings","west","25","57",100,104.4,"2010","n",14,-4.40000000000001
"Dallas Mavericks","west","55","27",102,99.3,"2010","y",2,2.7
"San Antonio Spurs","west","50","32",101.4,96.3,"2010","y",7,5.10000000000001
"Houston Rockets","west","42","40",102.4,102.7,"2010","n",9,-0.299999999999997
"Memphis Grizzlies","west","40","42",102.5,104,"2010","n",10,-1.5
"New Orleans Hornets","west","37","45",100.2,102.7,"2010","n",11,-2.5
"Oklahoma City Thunder","west","55","27",104.8,101,"2011","y",4,3.8
"Denver Nuggets","west","50","32",107.5,102.7,"2011","y",5,4.8
"Portland Trail Blazers","west","48","34",96.3,94.8,"2011","y",6,1.5
"Utah Jazz","west","39","43",99.4,101.3,"2011","n",11,-1.89999999999999
"Minnesota Timberwolves","west","17","65",101.1,107.7,"2011","n",15,-6.60000000000001
"Los Angeles Lakers","west","57","25",101.5,95.4,"2011","y",2,6.09999999999999
"Phoenix Suns","west","40","42",105,105.9,"2011","n",10,-0.900000000000006
"Golden State Warriors","west","36","46",103.4,105.7,"2011","n",12,-2.3
"Los Angeles Clippers","west","32","50",98.6,101.8,"2011","n",13,-3.2
"Sacramento Kings","west","24","58",99.4,104.7,"2011","n",14,-5.3
"San Antonio Spurs","west","61","21",103.7,98,"2011","y",1,5.7
"Dallas Mavericks","west","57","25",100.2,96,"2011","y",3,4.2
"New Orleans Hornets","west","46","36",94.9,94,"2011","y",7,0.900000000000006
"Memphis Grizzlies","west","46","36",99.9,97.6,"2011","y",8,2.30000000000001
"Houston Rockets","west","43","39",105.9,103.7,"2011","n",9,2.2
"Oklahoma City Thunder","west","47","19",103.1,96.9,"2012","y",2,6.19999999999999
"Denver Nuggets","west","38","28",104.1,101.2,"2012","y",6,2.89999999999999
"Utah Jazz","west","36","30",99.7,99,"2012","y",8,0.700000000000003
"Portland Trail Blazers","west","28","38",97.2,97.8,"2012","n",11,-0.599999999999994
"Minnesota Timberwolves","west","26","40",97.9,100.1,"2012","n",12,-2.19999999999999
"Los Angeles Lakers","west","41","25",97.3,95.9,"2012","y",3,1.39999999999999
"Los Angeles Clippers","west","40","26",97.5,95,"2012","y",5,2.5
"Phoenix Suns","west","33","33",98.4,98.6,"2012","n",10,-0.199999999999989
"Golden State Warriors","west","23","43",97.8,101.2,"2012","n",13,-3.40000000000001
"Sacramento Kings","west","22","44",98.8,104.4,"2012","n",14,-5.60000000000001
"San Antonio Spurs","west","50","16",103.7,96.5,"2012","y",1,7.2
"Memphis Grizzlies","west","41","25",95,93,"2012","y",4,2
"Dallas Mavericks","west","36","30",95.8,94.8,"2012","y",7,1
"Houston Rockets","west","34","32",98.1,97.9,"2012","n",9,0.199999999999989
"New Orleans Hornets","west","21","45",89.6,93.4,"2012","n",15,-3.80000000000001
"Oklahoma City Thunder","west","60","22",105.7,96.5,"2013","y",1,9.2
"Denver Nuggets","west","57","25",106.1,101.1,"2013","y",3,5
"Utah Jazz","west","43","39",98,98.1,"2013","n",9,-0.0999999999999943
"Portland Trail Blazers","west","33","49",97.5,100.7,"2013","n",11,-3.2
"Minnesota Timberwolves","west","31","51",95.7,98.1,"2013","n",12,-2.39999999999999
"Los Angeles Clippers","west","56","26",101.1,94.6,"2013","y",4,6.5
"Golden State Warriors","west","47","35",101.2,100.3,"2013","y",6,0.900000000000006
"Los Angeles Lakers","west","45","37",102.2,101,"2013","y",7,1.2
"Sacramento Kings","west","28","54",100.2,105.1,"2013","n",13,-4.89999999999999
"Phoenix Suns","west","25","57",95.2,101.6,"2013","n",15,-6.39999999999999
"San Antonio Spurs","west","58","24",103,96.6,"2013","y",2,6.40000000000001
"Memphis Grizzlies","west","56","26",93.4,89.3,"2013","y",5,4.10000000000001
"Houston Rockets","west","45","37",106,102.5,"2013","y",8,3.5
"Dallas Mavericks","west","41","41",101.1,101.7,"2013","n",10,-0.600000000000009
"New Orleans Hornets","west","27","55",94.1,97.9,"2013","n",14,-3.80000000000001
"Oklahoma City Thunder","west","59","23",106.2,99.8,"2014","y",2,6.40000000000001
"Portland Trail Blazers","west","54","28",106.7,102.8,"2014","y",4,3.90000000000001
"Minnesota Timberwolves","west","40","42",106.9,104.3,"2014","n",10,2.60000000000001
"Denver Nuggets","west","36","46",104.4,106.5,"2014","n",11,-2.09999999999999
"Utah Jazz","west","25","57",95,102.2,"2014","n",15,-7.2
"Los Angeles Clippers","west","57","25",107.9,101,"2014","y",3,6.90000000000001
"Golden State Warriors","west","51","31",104.3,99.5,"2014","y",6,4.8
"Phoenix Suns","west","48","34",105.2,102.6,"2014","n",9,2.60000000000001
"Sacramento Kings","west","28","54",100.5,103.4,"2014","n",13,-2.90000000000001
"Los Angeles Lakers","west","27","55",103,109.2,"2014","n",14,-6.2
"San Antonio Spurs","west","62","20",105.4,97.6,"2014","y",1,7.80000000000001
"Houston Rockets","west","54","28",107.7,103.1,"2014","y",4,4.60000000000001
"Memphis Grizzlies","west","50","32",96.1,94.6,"2014","y",7,1.5
"Dallas Mavericks","west","49","33",104.8,102.4,"2014","y",8,2.39999999999999
"New Orleans Pelicans","west","34","48",99.7,102.4,"2014","n",12,-2.7
"Portland Trail Blazers","west","51","31",102.8,98.6,"2015","y",4,4.2
"Oklahoma City Thunder","west","45","37",104,101.8,"2015","n",9,2.2
"Utah Jazz","west","38","44",95.1,94.9,"2015","n",11,0.199999999999989
"Denver Nuggets","west","30","52",101.5,105,"2015","n",12,-3.5
"Minnesota Timberwolves","west","16","66",97.8,106.5,"2015","n",15,-8.7
"Golden State Warriors","west","67","15",110,99.9,"2015","y",1,10.1
"Los Angeles Clippers","west","56","26",106.7,100.1,"2015","y",2,6.60000000000001
"Phoenix Suns","west","39","43",102.4,103.3,"2015","n",10,-0.899999999999991
"Sacramento Kings","west","29","53",101.3,105,"2015","n",13,-3.7
"Los Angeles Lakers","west","21","61",98.5,105.3,"2015","n",14,-6.8
"Houston Rockets","west","56","26",103.9,100.5,"2015","y",2,3.40000000000001
"San Antonio Spurs","west","55","27",103.2,97,"2015","y",5,6.2
"Memphis Grizzlies","west","55","27",98.3,95.1,"2015","y",5,3.2
"Dallas Mavericks","west","50","32",105.2,102.3,"2015","y",7,2.90000000000001
"New Orleans Pelicans","west","45","37",99.4,98.6,"2015","y",8,0.800000000000011
"Toronto Raptors","east","56","26",102.7,98.2,"2016","y",2,4.5
"Boston Celtics","east","48","34",105.7,102.5,"2016","y",5,3.2
"New York Knicks","east","32","50",98.4,101.1,"2016","n",13,-2.69999999999999
"Brooklyn Nets","east","21","61",98.6,106,"2016","n",14,-7.40000000000001
"Philadelphia 76ers","east","10","72",97.4,107.6,"2016","n",15,-10.2
"Cleveland Cavaliers","east","57","25",104.3,98.3,"2016","y",1,6
"Indiana Pacers","east","45","37",102.2,100.5,"2016","y",7,1.7
"Detroit Pistons","east","44","38",102,101.4,"2016","y",8,0.599999999999994
"Chicago Bulls","east","42","40",101.6,103.1,"2016","n",9,-1.5
"Milwaukee Bucks","east","33","49",99,103.2,"2016","n",12,-4.2
"Miami Heat","east","48","34",100,98.4,"2016","y",3,1.59999999999999
"Atlanta Hawks","east","48","34",102.8,99.2,"2016","y",4,3.59999999999999
"Charlotte Hornets","east","48","34",103.4,100.7,"2016","y",6,2.7
"Washington Wizards","east","41","41",104.1,104.6,"2016","n",10,-0.5
"Orlando Magic","east","35","47",102.1,103.7,"2016","n",11,-1.60000000000001
"Oklahoma City Thunder","west","55","27",110.2,102.9,"2016","y",3,7.3
"Portland Trail Blazers","west","44","38",105.1,104.3,"2016","y",5,0.799999999999997
"Utah Jazz","west","40","42",97.7,95.9,"2016","n",9,1.8
"Denver Nuggets","west","33","49",101.9,105,"2016","n",10,-3.09999999999999
"Minnesota Timberwolves","west","29","53",102.4,106,"2016","n",13,-3.59999999999999
"Golden State Warriors","west","73","9",114.9,104.1,"2016","y",1,10.8
"Los Angeles Clippers","west","53","29",104.5,100.2,"2016","y",4,4.3
"Sacramento Kings","west","33","49",106.6,109.1,"2016","n",10,-2.5
"Phoenix Suns","west","23","59",100.9,107.5,"2016","n",14,-6.59999999999999
"Los Angeles Lakers","west","17","65",97.3,106.9,"2016","n",15,-9.60000000000001
"San Antonio Spurs","west","67","15",103.5,92.9,"2016","y",2,10.6
"Dallas Mavericks","west","42","40",102.3,102.6,"2016","y",6,-0.299999999999997
"Memphis Grizzlies","west","42","40",99.1,101.3,"2016","y",7,-2.2
"Houston Rockets","west","41","41",106.5,106.4,"2016","y",8,0.0999999999999943
"New Orleans Pelicans","west","30","52",102.7,106.5,"2016","n",12,-3.8
